Tanggal,ff_avg
01-01-2022,1
02-01-2022,1
03-01-2022,1
04-01-2022,2
05-01-2022,2
06-01-2022,3
07-01-2022,3
08-01-2022,3
09-01-2022,4
10-01-2022,4
11-01-2022,4
12-01-2022,4
13-01-2022,4
14-01-2022,4
15-01-2022,4
16-01-2022,4
17-01-2022,4
18-01-2022,4
19-01-2022,3
20-01-2022,4
21-01-2022,4
22-01-2022,2
23-01-2022,3
24-01-2022,3
25-01-2022,4
26-01-2022,3
27-01-2022,3
28-01-2022,3
29-01-2022,2
30-01-2022,3
31-01-2022,3
01-02-2022,3
02-02-2022,2
03-02-2022,4
04-02-2022,4
05-02-2022,4
06-02-2022,2
07-02-2022,4
08-02-2022,2
09-02-2022,2
10-02-2022,2
11-02-2022,2
12-02-2022,3
13-02-2022,2
14-02-2022,2
15-02-2022,2
16-02-2022,2
17-02-2022,2
18-02-2022,3
19-02-2022,2
20-02-2022,2
21-02-2022,4
22-02-2022,2
23-02-2022,3
24-02-2022,2
25-02-2022,2
26-02-2022,1
27-02-2022,2
28-02-2022,3
01-03-2022,2
02-03-2022,4
03-03-2022,4
04-03-2022,3
05-03-2022,2
06-03-2022,2
07-03-2022,3
08-03-2022,2
09-03-2022,3
10-03-2022,2
11-03-2022,3
12-03-2022,3
13-03-2022,2
14-03-2022,2
15-03-2022,1
16-03-2022,1
17-03-2022,1
18-03-2022,2
19-03-2022,2
20-03-2022,3
21-03-2022,2
22-03-2022,2
23-03-2022,2
24-03-2022,3
25-03-2022,2
26-03-2022,2
27-03-2022,2
28-03-2022,2
29-03-2022,2
30-03-2022,2
31-03-2022,1
01-04-2022,1
02-04-2022,1
03-04-2022,1
04-04-2022,1
05-04-2022,2
06-04-2022,2
07-04-2022,1
08-04-2022,2
09-04-2022,1
10-04-2022,1
11-04-2022,1
12-04-2022,1
13-04-2022,1
14-04-2022,2
15-04-2022,1
16-04-2022,2
17-04-2022,2
18-04-2022,1
19-04-2022,1
20-04-2022,1
21-04-2022,2
22-04-2022,2
23-04-2022,2
24-04-2022,1
25-04-2022,2
26-04-2022,1
27-04-2022,1
28-04-2022,1
29-04-2022,2
30-04-2022,1
01-05-2022,2
02-05-2022,2
03-05-2022,2
04-05-2022,2
05-05-2022,2
06-05-2022,2
07-05-2022,2
08-05-2022,2
09-05-2022,2
10-05-2022,2
11-05-2022,1
12-05-2022,2
13-05-2022,2
14-05-2022,2
15-05-2022,1
16-05-2022,2
17-05-2022,2
18-05-2022,2
19-05-2022,2
20-05-2022,1
21-05-2022,2
22-05-2022,2
23-05-2022,2
24-05-2022,2
25-05-2022,1
26-05-2022,1
27-05-2022,1
28-05-2022,2
29-05-2022,2
30-05-2022,1
31-05-2022,1
01-06-2022,1
02-06-2022,2
03-06-2022,1
04-06-2022,1
05-06-2022,2
06-06-2022,2
07-06-2022,1
08-06-2022,2
09-06-2022,1
10-06-2022,1
11-06-2022,2
12-06-2022,1
13-06-2022,1
14-06-2022,2
15-06-2022,2
16-06-2022,2
17-06-2022,1
18-06-2022,1
19-06-2022,1
20-06-2022,1
21-06-2022,1
22-06-2022,2
23-06-2022,2
24-06-2022,2
25-06-2022,2
26-06-2022,2
27-06-2022,1
28-06-2022,2
29-06-2022,2
30-06-2022,1
01-07-2022,2
02-07-2022,2
03-07-2022,2
04-07-2022,2
05-07-2022,2
06-07-2022,2
07-07-2022,2
08-07-2022,3
09-07-2022,2
10-07-2022,2
11-07-2022,2
12-07-2022,3
13-07-2022,2
14-07-2022,2
15-07-2022,2
16-07-2022,3
17-07-2022,2
18-07-2022,3
19-07-2022,3
20-07-2022,2
21-07-2022,2
22-07-2022,1
23-07-2022,1
24-07-2022,1
25-07-2022,2
26-07-2022,1
27-07-2022,3
28-07-2022,2
29-07-2022,3
30-07-2022,2
31-07-2022,2
01-08-2022,2
02-08-2022,2
03-08-2022,2
04-08-2022,1
05-08-2022,2
06-08-2022,2
07-08-2022,3
08-08-2022,3
09-08-2022,2
10-08-2022,3
11-08-2022,3
12-08-2022,2
13-08-2022,2
14-08-2022,1
15-08-2022,2
16-08-2022,1
17-08-2022,3
18-08-2022,3
19-08-2022,2
20-08-2022,2
21-08-2022,2
22-08-2022,2
23-08-2022,2
24-08-2022,2
25-08-2022,3
26-08-2022,1
27-08-2022,2
28-08-2022,1
29-08-2022,2
30-08-2022,1
31-08-2022,2
01-09-2022,1
02-09-2022,2
03-09-2022,2
04-09-2022,1
05-09-2022,2
06-09-2022,2
07-09-2022,2
08-09-2022,1
09-09-2022,1
10-09-2022,2
11-09-2022,3
12-09-2022,2
13-09-2022,2
14-09-2022,2
15-09-2022,2
16-09-2022,2
17-09-2022,2
18-09-2022,2
19-09-2022,2
20-09-2022,1
21-09-2022,2
22-09-2022,2
23-09-2022,2
24-09-2022,3
25-09-2022,3
26-09-2022,3
27-09-2022,1
28-09-2022,2
29-09-2022,2
30-09-2022,2
01-10-2022,1
02-10-2022,2
03-10-2022,1
04-10-2022,1
05-10-2022,1
06-10-2022,2
07-10-2022,2
08-10-2022,2
09-10-2022,2
10-10-2022,2
11-10-2022,1
12-10-2022,2
13-10-2022,2
14-10-2022,2
15-10-2022,2
16-10-2022,1
17-10-2022,2
18-10-2022,1
19-10-2022,1
20-10-2022,2
21-10-2022,1
22-10-2022,3
23-10-2022,2
24-10-2022,2
25-10-2022,2
26-10-2022,2
27-10-2022,2
28-10-2022,2
29-10-2022,2
30-10-2022,2
31-10-2022,2
01-11-2022,1
02-11-2022,2
03-11-2022,1
04-11-2022,2
05-11-2022,1
06-11-2022,1
07-11-2022,1
08-11-2022,1
09-11-2022,2
10-11-2022,1
11-11-2022,1
12-11-2022,1
13-11-2022,1
14-11-2022,2
15-11-2022,2
16-11-2022,3
17-11-2022,1
18-11-2022,2
19-11-2022,1
20-11-2022,3
21-11-2022,2
22-11-2022,2
23-11-2022,1
24-11-2022,2
25-11-2022,1
26-11-2022,1
27-11-2022,1
28-11-2022,1
29-11-2022,2
30-11-2022,2
01-12-2022,1
02-12-2022,2
03-12-2022,1
04-12-2022,1
05-12-2022,1
06-12-2022,2
07-12-2022,2
08-12-2022,2
09-12-2022,1
10-12-2022,1
11-12-2022,1
12-12-2022,2
13-12-2022,2
14-12-2022,2
15-12-2022,2
16-12-2022,2
17-12-2022,1
18-12-2022,2
19-12-2022,3
20-12-2022,2
21-12-2022,3
22-12-2022,4
23-12-2022,3
24-12-2022,4
25-12-2022,5
26-12-2022,4
27-12-2022,3
28-12-2022,3
29-12-2022,4
30-12-2022,4
31-12-2022,6
